Seq,醫事機構,電話,縣市別代碼,地址-行政區域代碼,地址-村里,地址-鄰,地址-街路門牌,院所層級,緯度,經度
1,國立成功大學醫學院附設醫院,(06)2353535,67000,67000340,,,勝利路１３８號,醫學中心,23.00221,120.21923
2,奇美醫療財團法人奇美醫院,(06)2812811,67000,67000310,,,中華路９０１號,醫學中心,23.023643,120.218561
3,奇美醫療財團法人奇美醫院樹林院區,(06)2812811,67000,67000330,,,樹林街二段４４２號,醫學中心,23.1379071,120.0894187
4,衛生福利部臺南醫院,(06)2200055,67000,67000370,,,中山路１２５號,區域醫院,22.995819,120.209228
5,衛生福利部嘉南療養院,(06)2795019,67000,67000270,,,裕忠路５３９號,區域醫院,22.976718,120.241951
6,台南市立醫院(委託秀傳醫療社團法人經營),(06)2609926,67000,67000320,,,崇德路６７０號,區域醫院,22.968534,120.226743
7,台灣基督長老教會新樓醫療財團法人台南新樓醫院,(06)2748316,67000,67000320,泉北里,,東門路１段５７號,區域醫院,22.989158,120.212807
8,奇美醫療財團法人柳營奇美醫院,(06)6226999,67000,67000040,太康里,,２０１號,區域醫院,23.289269,120.324704
9,臺南市立安南醫院-委託中國醫藥大學興建經營,(06)3553111,67000,67000350,,,長和路二段６６號,區域醫院,23.064232,120.223192
10,衛生福利部新營醫院,(06)6351131,67000,67000010,,,信義街７３號,地區醫院,23.309153,120.313203
11,衛生福利部臺南醫院新化分院,(06)5911929,67000,67000180,那拔里,,牧場７２號,地區醫院,23.062491,120.336408
12,衛生福利部胸腔病院,(06)2705911,67000,67000270,,,中山路８６４號,地區醫院,22.975462,120.241802
13,高雄榮民總醫院臺南分院,(06)3125101,67000,67000310,復興里,,復興路４２７號,地區醫院,22.997218,120.240316
14,仁愛醫療社團法人仁愛醫院,(06)2213111,67000,67000320,,,北門路１段１０號及北門路１段３０巷１６號,地區醫院,22.989864,120.211619
15,新興醫療社團法人新興醫院,(06)6330011,67000,67000010,,,中興路１０號,地區醫院,23.303654,120.316862
16,台灣基督長老教會新樓醫療財團法人麻豆新樓醫院,(06)5702228,67000,67000070,,,麻佳路一段２０７號,地區醫院,23.179874,120.233033
17,奇美醫療財團法人佳里奇美醫院,(06)7263333,67000,67000120,佳興里,,佳里興６０６號,地區醫院,23.181698,120.183662
18,大安婦幼醫院,(06)2278899,67000,67000370,,,金華路三段１６７號１、２、３、４樓,地區醫院,22.993065,120.192984
19,郭綜合醫院,(06)2221111,67000,67000370,,,民生路二段１８．２０．２２．２３．２４．２５．２７號,地區醫院,22.9957965,120.1739484
20,永川醫院,(06)2245771,67000,67000370,觀音里,,成功路１６９號,地區醫院,22.9980703,120.2037519
21,永和醫院,(06)2231191,67000,67000370,福安里,,府前路一段３０４巷２號,地區醫院,22.9903019,120.19628
22,仁村醫院,(06)2152607,67000,67000370,,,西門路１段４８６號１、２、３、４樓、４８８號１樓,地區醫院,22.98363,120.197745
23,營新醫院,(06)6592345,67000,67000010,,,隋唐街２２８號,地區醫院,23.308389,120.299764
24,宏科醫院,(06)5818868,67000,67000190,南關里,,三民路１－３５號,地區醫院,23.127659,120.287047
25,臺南市東區衛生所,(06)2673613,67000,67000320,龍山里,,林森路１段４１８號,衛生所,22.985012,120.222043
26,臺南市南區衛生所,(06)2618578,67000,67000330,南都里,,南和路６號,衛生所,22.960677,120.188068
27,臺南巿北區衛生所,(06)2252404,67000,67000340,公園里,,西華街５０號,衛生所,23.000114,120.210875
28,台南市安南區衛生所,(06)2567406,67000,67000350,淵東里,,仁安路７０號２樓,衛生所,23.050087,120.176047
29,臺南市新營區衛生所,(06)6329421,67000,67000010,大宏里,,三民路７２號,衛生所,23.30769,120.317351
30,臺南市白河區衛生所,(06)6852014,67000,67000030,永安里,,國光路５號,衛生所,23.352034,120.415814
31,臺南市新化區衛生所,(06)5905398,67000,67000180,,,健康路十三鄰１４３號,衛生所,23.034457,120.3022221
32,臺南市東山區衛生所,(06)6802618,67000,67000060,東山里,,２３６號１樓,衛生所,23.326329,120.404723
33,臺南市官田區衛生所,(06)5791493,67000,67000100,隆田里,,中山路一段１２８號,衛生所,23.193068,120.3161
34,臺南市七股區衛生所,(06)7872277,67000,67000150,大埕里,,３７９號,衛生所,23.140159,120.138676
35,臺南市將軍區衛生所,(06)7942007,67000,67000160,忠興里,,１８５－６號,衛生所,23.2013931,120.1536786
36,臺南市北門區衛生所,(06)7862043,67000,67000170,北門里,,港北５０號,衛生所,23.270354,120.1252
37,臺南市玉井區衛生所,(06)5742275,67000,67000230,玉田里,,中正路５號,衛生所,23.122351,120.459103
38,臺南市楠西區衛生所,(06)5751006,67000,67000240,楠西里,,中正路２２６號,衛生所,23.174357,120.48601
39,台南市關廟區衛生所,(06)5952395,67000,67000290,山西里,,中正路１０００號,衛生所,22.963028,120.327248
40,臺南市龍崎區衛生所,(06)5941397,67000,67000300,崎頂里,,新市子１５８號,衛生所,22.965212,120.361824
41,陳俊達家醫科診所,(06)6321211,67000,67000010,大宏里,,民治路９號１樓,診所,23.310824,120.320575
42,博揚診所,(06)6325866,67000,67000010,,,東安街９號１、２樓,診所,23.316731,120.32473
43,郭昇峯內科診所,(06)6567928,67000,67000010,新南里,,民治路３２２號１樓及夾層,診所,23.306726,120.303531
44,誼仁診所,(06)5817267,67000,67000190,文昌里,,中正路３８７號１樓,診所,23.127838,120.293978
45,大成診所,(06)5833300,67000,67000190,光文里,,大成路９８號１、２樓,診所,23.130611,120.303141
46,明翔診所,(06)5816968,67000,67000190,東關里,,中山路３５０號１樓,診所,23.132255,120.293413
47,善化誠康診所,(06)5830928,67000,67000190,光文里,,中山路３６號１樓,診所,23.133509,120.305514
48,康健診所,(06)6864268,67000,67000060,東原里,,前大埔１８２號１樓,診所,23.265211,120.444264
49,晨祐診所,(06)6892525,67000,67000080,後街里,,東興二街３６號１樓,診所,23.238548,120.264129
50,和平診所,(06)6892269,67000,67000080,下營里,,和平街１６號１樓,診所,23.236225,120.264422
51,佳祐診所,(06)5976778,67000,67000210,安定里,,安定４７－１６號１樓,診所,23.121749,120.238675
52,協和家醫科診所,(06)2701507,67000,67000270,仁德里,,中正路三段７９號１樓,診所,22.973896,120.252574
53,林廷璋耳鼻喉科診所,(06)2309919,67000,67000280,後市里,,民權三街９６、９８號１樓,診所,22.969331,120.290626
54,德安診所,(06)2300299,67000,67000280,,,民權北路７５號１樓,診所,22.969242,120.287899
55,安仁診所,(06)2300560,67000,67000280,許厝里,,中山路一段３８５號１、２、３、４樓,診所,22.965872,120.300757
56,盈泰診所,(06)5962777,67000,67000290,山西里,,中正路１０２３號１樓,診所,22.962917,120.326635
57,楊寧娟內科診所,(06)2721231,67000,67000310,崑山里,,永大路二段１５３號１、２樓,診所,23.005341,120.261143
58,亮心診所,(06)3035160,67000,67000310,五王里,,振興路５０號 １、２樓,診所,23.011723,120.233864
59,成美診所,(06)3039028,67000,67000310,五王里,,中山南路１６６號１、２樓,診所,23.013784,120.232174
60,周劍文診所,(06)3110218,67000,67000310,,,小東路４２３巷２號１樓,診所,22.999075,120.233146
61,永德康內科診所,(06)2032258,67000,67000310,埔園里,,中山路１１８號１樓,診所,23.029218,120.256516
62,大灣健全診所,(06)2739652,67000,67000310,大灣里,,大灣路２７６號１樓,診所,23.007625,120.267821
63,永佳診所,(06)2719595,67000,67000310,西灣里,,永大路二段１９５號１、２樓,診所,23.00738,120.261793
64,中華誠康診所,(06)3029110,67000,67000310,西橋里,,中華路７７７號１樓,診所,23.018492,120.226014
65,大橋誠康診所,(06)3029119,67000,67000310,大橋里,,大橋２街１８０號１樓,診所,23.020534,120.230169
66,楊純宜內科診所,(06)3027003,67000,67000310,東橋里,,東橋５路１２０號１樓,診所,23.021619,120.235184
67,君美診所,(06)3039028,67000,67000310,五王里,,中山南路１６６號２樓,診所,23.013784,120.232174
68,項國威內科診所,(06)2691567,67000,67000320,德光里,,崇學路１４１號１、２樓,診所,22.979574,120.222761
69,達俊診所,(06)2361337,67000,67000320,圍下里,,青年路４３４號１－２樓,診所,22.991102,120.216995
70,李昭榮內科診所,(06)2610266,67000,67000330,,,金華路二段２８１號１樓,診所,22.984172,120.191526
71,康舟診所,(06)2655345,67000,67000330,府南里,,金華路一段４８６號２樓,診所,22.973013,120.19092
72,忠群診所,(06)2280808,67000,67000370,,,民生路二段４０３號１樓,診所,22.99745,120.188241
73,吳明彥內科診所,(06)2220596,67000,67000370,,,成功路７３號１樓,診所,22.997613,120.208522
74,奇聖診所,(06)3584561,67000,67000370,西和里,,文賢路１９９號１樓,診所,23.003744,120.193566
75,曾泌尿科診所,(06)2525533,67000,67000340,華德里,,海安路三段９７２號１－２樓,診所,23.019456,120.199939
76,劉伊薰小兒科診所,(06)2832111,67000,67000340,成德里,,北安路一段２５９號１樓,診所,23.018995,120.20677
77,潮代診所,(06)2359595,67000,67000340,振興里,,林森路３段１６５號２樓,診所,23.005676,120.22457
78,雨欣診所,(06)2832111,67000,67000340,成德里,,北安路一段２５９號１樓,診所,23.018995,120.20677
79,仁欣診所,(06)2513066,67000,67000340,,,公園路９９８－１號１樓,診所,23.016895,120.215016
80,誠逸診所,(06)2516866,67000,67000340,成德里,,北安路一段１８９號１－２樓,診所,23.017963,120.207966
81,世安家庭診所,(06)2510088,67000,67000340,成德里,,和緯路２段５００號１、２樓,診所,23.012222,120.201496
82,安南高家醫診所,(06)2475699,67000,67000350,溪心里,,安中路二段１６６、１６８號１－２樓,診所,23.046691,120.186718
83,李聰明內科診所,(06)3966800,67000,67000350,東和里,,長和路一段５０１號１樓,診所,23.058416,120.232089
84,安平西醫診所,(06)2985999,67000,67000360,育平里,,永華路二段８２１號１樓,診所,22.991213,120.168488
85,喜恩診所,(06)2933566,67000,67000360,國平里,,永華路二段５７１號１樓,診所,22.99043,120.174385
86,豐盈診所,(06)2989900,67000,67000360,文平里,,永華路２段３９３號１、２樓,診所,22.98985,120.178863
87,王肇陽皮膚科診所,(06)2891634,67000,67000320,德光里,,崇明路７９號,診所,22.980426,120.217271
88,陳煌奇耳鼻喉科診所,(06)2680472,67000,67000320,龍山里,,崇學路２７１號之４ １樓及２７１號之５ １樓,診所,22.98271,120.225722
89,謝明憲內科診所,(06)2086360,67000,67000320,中西里,,長榮路２段９３號,診所,22.990492,120.220648
90,曾立榮內科診所,(06)3353678,67000,67000320,,,中華東路二段３３９號,診所,22.981451,120.229916
91,活水神經內科診所,(06)3357513,67000,67000320,德光里,,崇明路２０５號１－２樓,診所,22.977982,120.21992
92,江錫輝診所,(06)2748888,67000,67000320,龍山里,,林森路１段３６３號１樓,診所,22.984575,120.22099
93,林黑潮診所,(06)2656789,67000,67000330,,,金華路一段３７７號,診所,22.969694,120.190265
94,洪允宗診所,(06)2915632,67000,67000330,明亮里,,金華路一段２４６號１樓,診所,22.967493,120.19031
95,張士澎內科家醫科診所,(06)2216216,67000,67000330,新昌里,,西門路一段６１１號,診所,22.985316,120.197345
96,張祐禎家庭醫學科診所,(06)2920909,67000,67000330,,,中華南路二段７２號,診所,22.962208,120.193805
97,唐勳樟診所,(06)2642266,67000,67000330,,,金華路一段１６０號１樓,診所,22.965263,120.189999
98,張富全診所,(06)2220516,67000,67000370,南廠里,,永華路一段１９８號１樓,診所,22.988364,120.191568
99,謝智超達恩診所,(06)2285505,67000,67000370,,,西門路２段３７５號３、４樓,診所,22.998304,120.200284
100,張金石小兒科診所,(06)2216855,67000,67000340,,,公園路１９１號,診所,22.999265,120.207567
101,第一聯合診所,(06)2350116,67000,67000340,,,勝利路４２１號,診所,23.004746,120.218778
102,鄧正鎧內科診所,(06)2752887,67000,67000340,,,小東路１７１號,診所,23.000384,120.227152
103,陳冠文內科診所,(06)2752887,67000,67000340,,,小東路１７１號,診所,23.000384,120.227152
104,蘇耳鼻喉科診所,(06)3507711,67000,67000340,大豐里,,文賢路２６１、２６３號１樓,診所,23.006763,120.193482
105,海安小兒科診所,(06)3589696,67000,67000340,元美里,,海安路３段７６１、７６１－１號１樓,診所,23.0129808,120.1976252
106,弘典內科診所,(06)2007588,67000,67000340,,,小東路３２３號Ｂ１－３樓,診所,22.999227,120.230911
107,邱信輝內科診所,(06)2822227,67000,67000340,,,海安路３段３５８號１樓,診所,23.009467,120.200159
108,郭重德診所,(06)2262953,67000,67000370,,,民生路一段９０號,診所,22.993744,120.201916
109,游新診所,(06)2149009,67000,67000370,,,健康路１段３７０號之１、２號１樓,診所,22.981632,120.199189
110,朱嘉生診所,(06)2573180,67000,67000350,城北里,,安中路六段６２０、６２２號１樓,診所,23.061097,120.135122
111,榮銘內科診所,(06)2593107,67000,67000350,,,海佃路１段５０號１樓－３樓,診所,23.021169,120.192415
112,賴俊良骨外科診所,(06)3559260,67000,67000350,新順里,,安和路２段２６７號１樓,診所,23.042511,120.215861
113,魏大倫耳鼻喉科診所,(06)2568119,67000,67000350,,,安和路１段３５６號１樓,診所,23.03328,120.212543
114,安河神經內科診所,(06)2810700,67000,67000350,,,安和路１段４０號１樓,診所,23.026678,120.21556
115,應達儀內科診所,(06)3559216,67000,67000350,,,安和路４段３１６號１樓,診所,23.057459,120.218791
116,穠田聯合診所,(06)2950808,67000,67000360,,,永華路二段１０５９號１、２樓,診所,22.991444,120.166246
117,廖健良診所,(06)2252983,67000,67000370,三民里,,民生路１段３０號１樓,診所,22.993206,120.204007
118,曾建昌內小兒科診所,(06)6359119,67000,67000010,忠政里,,中山路２０２號,診所,23.303803,120.3129211
119,康庭小兒科診所（樂恩聯合診所）,(06)6331666,67000,67000010,,,三民路１０６、１０６–１２號,診所,23.308311,120.319719
120,周書澤內科診所,(06)6591010,67000,67000010,,,民治路３５２號,診所,23.305764,120.303147
121,吳明強診所,(06)6832685,67000,67000030,,,國泰路１１１號１樓,診所,23.347686,120.413287
122,以琳內科診所,(06)7211102,67000,67000120,,,建南街１６１號,診所,23.159275,120.176561
123,人人診所,(06)7228895,67000,67000120,鎮山里,,自由街１１０號,診所,23.155961,120.178079
124,王覲瑜診所,(06)5902773,67000,67000180,,,民權街１５號,診所,23.036348,120.304741
125,丁江龍診所,(06)5903419,67000,67000180,,,中山路１５０號,診所,23.037102,120.310135
126,陳相國聯合診所,(06)5908869,67000,67000180,清水里,,中山路４８９號１樓及４９１之１號１－４樓,診所,23.035673,120.303137
127,劉琳榕小兒科診所,(06)5970088,67000,67000180,太平里,,忠孝路１１８、１２０、１２２號（１樓）,診所,23.038026,120.30454
128,崇祐小兒科診所,(06)5980342,67000,67000180,,,忠孝路２８５號,診所,23.036874,120.301062
129,陳清煌診所,(06)5831450,67000,67000190,光文里,,中山路２９６號,診所,23.13213,120.295278
130,蘇炳文內科診所,(06)5838788,67000,67000190,文昌里,,中正路３６２號、３６６號１－３樓,診所,23.127979,120.294175
131,侯瑞合診所,(06)7836611,67000,67000130,仁得里,,華宗路３６５號,診所,23.232129,120.18214
132,全美診所,(06)7835119,67000,67000130,,,華宗路３７３號,診所,23.232327,120.182094
133,德昌診所,(06)6623338,67000,67000050,墨林里,,菁寮２００號,診所,23.37884,120.335949
134,民生診所,(06)6986015,67000,67000090,六甲里,,中正路５３１號,診所,23.231106,120.351375
135,泰和診所,(06)6989595,67000,67000090,二甲里,,中山路１０１．１０３號,診所,23.232445,120.334943
136,賴冠維診所,(06)6990990,67000,67000090,,,復興街５５號,診所,23.230353,120.35266
137,千日好診所,(06)7954509,67000,67000140,西港里,,中山路３５０號,診所,23.122012,120.20335
138,新祐小兒科診所,(06)5999129,67000,67000200,大營里,,大營１３０號之１０,診所,23.091763,120.309179
139,仁得內科診所,(06)2496918,67000,67000270,一甲里,,義林１２街１３６號１－４樓,診所,22.973004,120.261994
140,吳世安內科診所（吳世安陳沛仁聯合診所）,(06)2393396,67000,67000280,,,民族北街１７巷２、６號,診所,22.96778,120.291482
141,懷仁內科診所,(06)2303995,67000,67000280,後市里,,中山路一段５３０號,診所,22.967221,120.29281
142,裕文診所,(06)2397095,67000,67000280,辜厝里,,民族南街１號１樓,診所,22.966636,120.29226
143,沈耀明家庭醫學科診所,(06)2304653,67000,67000280,,,中山路二段７６號,診所,22.967141,120.291847
144,陳沛仁家庭醫學科診所,(06)3308683,67000,67000280,,,民族北街１７巷２、６號,診所,22.96778,120.291482
145,陳育瑄小兒科診所,(06)5960077,67000,67000290,香洋里,,中山路一段２５１號１樓,診所,22.95906,120.330557
146,鄭飛良診所,(06)2733337,67000,67000310,東灣里,,大灣路３９０號１樓,診所,23.005312,120.266473
147,侯嘉修內科診所,(06)2027111,67000,67000310,西橋里,,中山南路３３號,診所,23.011889,120.226766
148,顏大翔內科診所（顏大翔聯合診所）,(06)2730320,67000,67000310,,,大灣路８６８號,診所,22.999928,120.256631
149,怡人診所,(06)2720777,67000,67000310,,,復興路１５號,診所,22.998494,120.25004
150,郭達霖家庭醫學科診所,(06)2730321,67000,67000310,,,大灣路８６８號,診所,22.999928,120.256631
151,永慶診所,(06)3133996,67000,67000310,,,復國一路１９８號,診所,23.006328,120.246246
152,三愛診所,(06)3130970,67000,67000310,建國里,,復國路６２號１樓,診所,23.001086,120.246566
153,史地分小兒科診所,(06)3039099,67000,67000310,,,大橋一街５７號,診所,23.016926,120.227418
154,台南市六甲區衛生所,(06)6982013,67000,67000090,二甲里,26,中華路１１０號,衛生所,23.224673,120.346879
155,日和耳鼻喉科診所,(06)6520182,67000,67000020,水正里,,中正路４５號１、２樓,診所,23.31962,120.267805
156,安聯診所,(06)6852555,67000,67000030,白河里,,富民路６２號,診所,23.344826,120.415953
157,琬安文化診所,(06)2797081,67000,67000270,仁義里,,中山路２６３號１－２樓,診所,22.970405,120.261117
158,永賀診所,(06)2053977,67000,67000310,西灣里,,永大路二段３９７號１樓,診所,23.012294,120.263266
159,昕晴診所,(06)2686668,67000,67000320,崇成里,,崇明二十四街１號１樓,診所,22.96687,120.225887
160,全裕診所,(06)2080298,67000,67000320,富強里,,裕農路３０２號１－２樓,診所,22.986515,120.228708
161,健蔚內科診所,(06)2627599,67000,67000330,興農里,,萬年一街２８６巷６１號１樓,診所,22.931861,120.185738
162,陳文峯耳鼻喉科診所,(06)2833398,67000,67000340,正覺里,,公園路７０３號１樓,診所,23.016742,120.214586
163,双美診所,(06)5746996,67000,67000230,玉田里,,太子街３９巷８號,診所,23.122734,120.460684
164,永大診所,(06)2310932,67000,67000310,永康里,,中山路１７號,診所,23.026914,120.256887
165,中正耳鼻喉科診所,(06)2333566,67000,67000310,正強里,,正強街２３１號及２３３號１－２樓,診所,23.029662,120.251574
